{"bpm": 78.4167289021658, "ibi": 465.1234567901235, "sdnn": 190.82999130499965, "sdsd": 179.6837569777986, "rmssd": 314.09759346106006, "pnn20": 0.9433962264150944, "pnn50": 0.8490566037735849, "lf": 0.0, "hf": 0.0, "lf/hf": 0.0, "Systolic": 7221.1875, "Diastolic": -43593.7109375}